source_id,source_name,author,title,description,url,urlToImage,publishedAt,content
,BBC News,,Starmer and Badenoch clash over economy at PMQs,The Tory leader flagged recent market turbulence and asked whether tax rises are planned in March.,https://www.bbc.com/news/articles/c93l8gqexpdo,https://ichef.bbci.co.uk/news/1024/branded_news/5f55/live/8d2a8770-d34a-11ef-94cb-5f844ceb9e30.jpg,2025-01-15T14:07:17Z,"Conservative leader Kemi Badenoch has challenged Sir Keir Starmer over the government's handling of the economy, saying the UK was now ""spending more on debt than on schools and hospitals"".
Speaking… [+2377 chars]"
,BBC News,,Has Trump promised too much on US economy?,"He won the election to fix inflation but Trump may find his pledges on prices and tariffs can't both win out, say experts.",https://www.bbc.com/news/articles/c17d41y70deo,https://ichef.bbci.co.uk/news/1024/branded_news/31ef/live/d58d0790-d426-11ef-87df-d575b9a434a4.jpg,2025-01-18T02:13:25Z,"Trump gives economy speech in Pennsylvania
Donald Trump has promised big changes for the world's largest economy.
An ""end to the devastating inflation crisis"", tariffs and big cuts to taxes, regula… [+6686 chars]"
,BBC News,,Growth at all costs? Why Reeves is in a sudden rush on the economy,The chancellor raised taxes in the Budget - but now she wants to get rid of barriers to business. Why the change of focus?,https://www.bbc.com/news/articles/c8ed6e4l29lo,https://ichef.bbci.co.uk/news/1024/branded_news/b04b/live/878f3ca0-da68-11ef-a37f-eba91255dc3d.png,2025-01-25T16:52:49Z,"Rachel Reeves is suddenly in a rush.
She'd hate the comparison, but the way she's been talking over recent weeks sounds more like a Conservative chancellor. 
She wants to get rid of barriers to bus… [+5859 chars]"
wired,Wired,Saurav Shroff,Transforming the Moon Into Humanity’s First Space Hub,The small step back to Earth’s satellite will provide a giant leap for exploring our solar system.,https://www.wired.com/story/moon-humanity-industrial-space-hub/,"https://media.wired.com/photos/67444ea4e4eed98751632ba8/191:100/w_1280,c_limit/WW25-Science-SS-Lily-LK.png",2025-01-02T09:00:00Z,"This year will mark a turning point in humanitys relationship with the moon, as we begin to lay the foundations for a permanent presence on its surface, paving the way for our natural satellite to be… [+2255 chars]"
,Yahoo Entertainment,Sarah Fielding,Former Amazon Executive to run UK's antitrust agency,"The UK's Competition and Markets Authority (MCA), a watchdog agency which has repeatedly probed Amazon's business dealings, will now be run by former Amazon executive Doug Gurr. — that makes sense, right? Gurr will serve as interim chair ""in a bid to boost gr…",https://consent.yahoo.com/v2/collectConsent?sessionId=1_cc-session_19b58409-c7fc-430c-a8aa-90053f1dc6dd,,2025-01-22T16:34:33Z,"If you click 'Accept all', we and our partners, including 239 who are part of the IAB Transparency &amp; Consent Framework, will also store and/or access information on a device (in other words, use … [+703 chars]"
business-insider,Business Insider,Emily Stewart,Trump's election changed how Americans feel about the economy,Turns out America's economic gloom was fueled by something far thornier than inflation: political feelings.,https://www.businessinsider.com/vibecession-is-over-fake-politics-consumer-confidence-economy-feelings-sentiment-2025-1,https://i.insider.com/6769b5c9a3e82c7912040e4d?width=1200&format=jpeg,2025-01-02T10:08:01Z,"Getty Images; Rick Scuteri/AP Photo; Alyssa Powell/BI
It's generally a rare thing for the person you're interviewing to burst out laughing. But that's what happened to me, recently, on a call with E… [+9062 chars]"
business-insider,Business Insider,Huileng Tan,"China reports 5% GDP growth for 2024, meeting its target","China's economy grew 5% in 2024, meeting its growth target of around 5%.",https://www.businessinsider.com/china-gdp-2024-meets-target-growth-trump-trade-tariffs-2025-1,https://i.insider.com/6789b1082fcded5e90739767?width=1200&format=jpeg,2025-01-17T02:07:52Z,"People at Tiananmen Square in Beijing, China.VCG/Getty Images
<ul><li>China's economy grew 5% in 2024, meeting its growth target.</li><li>Analysts expected China's GDP growth to be 4.9%, close to th… [+1237 chars]"
,BBC News,,How will the UK's growth plans affect me?,"Rachel Reeves wants to push ahead with building and reform planning, but what does that mean for you?",https://www.bbc.com/news/articles/cx2q49g78g3o,https://ichef.bbci.co.uk/news/1024/branded_news/e8bc/live/aa421a60-de55-11ef-9477-55d42bf999f6.jpg,2025-01-29T16:21:16Z,"Chancellor Rachel Reeves has backed the construction of a third runway at Heathrow, and a whole host of other plans - with the aim of getting the UK economy growing.
In the chancellor's words growth… [+3203 chars]"
,Harvard Business Review,Lynn Forester de Rothschild,"3 Policies to Guide a Pro-Growth, Pro-Worker Economy Under Trump","New models could create a needed jolt of energy to workers, government agencies, and the economy alike.",https://hbr.org/2025/01/3-policies-to-guide-a-pro-growth-pro-worker-economy-under-trump,https://hbr.org/resources/images/article_assets/2025/01/Jan25_28_1252638181_NOGLOBAL.jpg,2025-01-28T13:05:10Z,"President Donald Trump is beginning a second term in the White House propelled, in part, by the support of blue-collar voters, many of whom appear to have abandoned the Democratic Party. In fact, mor… [+80 chars]"
,BBC News,,Chris Mason: Starmer and Reeves navigate tricky economic backdrop,Sir Keir Starmer and Rachel Reeves are the duo that best personify the Labour project of the 2020s.,https://www.bbc.com/news/articles/c3rwxp95730o,https://ichef.bbci.co.uk/news/1024/branded_news/28d5/live/8f30c4c0-d1f7-11ef-a02c-b1a25ba77fd5.png,2025-01-13T22:14:38Z,"A stuttering economy, spiralling government borrowing costs, plummeting approval ratings: little wonder perhaps senior ministers, not least the chancellor, aren't wasting many smiles these days.
Rem… [+3232 chars]"
business-insider,Business Insider,Thibault Spirlet,"Spain's planned 100% property tax for non-EU buyers could hurt more than it helps, economists say","Spain's prime minister said too many foreigners were buying investment homes. But efforts to discouraging them could hit the economy, experts said.",https://www.businessinsider.com/spain-planned-property-tax-double-foreigners-could-backfire-economists-housing-2025-1,https://i.insider.com/6787c2d0e294a7514e8d2eb2?width=1200&format=jpeg,2025-01-16T13:05:17Z,"Spain has moved to put a 100% property tax on non-EU homebuyers.John Keeble/Getty Images
<ul><li>Spain's planned 100% tax on non-EU homebuyers is unlikely to solve its housing crisis.</li><li>Spain'… [+3645 chars]"
business-insider,Business Insider,Allison Tibaldi,I upgraded to a premium-economy seat on an 8-hour flight. It was so worth the extra $200.,"My Neos premium-economy upgrade got me perks like lounge access, a delicious in-flight meal, and a spacious seat for my eight-hour flight to Italy.",https://www.businessinsider.com/premium-economy-upgrade-neos-airlines-review-italy-flight-2025-1,https://i.insider.com/677c50432be30c194fc529fe?width=1200&format=jpeg,2025-01-07T14:42:04Z,"Neos is an Italian airline.Fabrizio Gandolfo/SOPA Images/LightRocket via Getty Images
<ul><li>I took an eight-hour flight with Italian airline Neos from New York to Palermo.</li><li>I booked a one-w… [+4091 chars]"
business-insider,Business Insider,Joshua Nelken-Zitser,"New Zealand makes it easier for digital nomads to work, as it tries to aid its struggling economy","New Zealand is making it easier for tourists to work remotely  while visiting the country, as part of efforts to help its stagnating economy.",https://www.businessinsider.com/new-zealand-eases-visa-rules-attract-digital-nomads-economy-recession-2025-1,https://i.insider.com/67976535196626c4098510ff?width=1200&format=jpeg,2025-01-27T12:35:24Z,"Popular tourist spots in New Zealand include natural sites like Milford Sound.wootthisak nirongboot/Getty Images
<ul><li>New Zealand is easing visitor visa rules to allow tourists to work remotely w… [+2988 chars]"
business-insider,Business Insider,Alex Bitter,A nurse who uses a gig app to pay off debt says it points to a problem with the profession,"Apps like CareRev have taken the gig economy into nursing. One nurse says it's helped her pay down debt, but that there are issues.",https://www.businessinsider.com/nurse-says-gig-apps-lucrative-point-to-bigger-issue-2025-1,https://i.insider.com/678974142fcded5e90738f74?width=1200&format=jpeg,2025-01-17T17:57:27Z,"Some nurses have turned to apps like CareRev to make money.Getty Images
<ul><li>Gig work is expanding to new professional areas such as nursing.</li><li>One nurse said she uses gig work to make extr… [+4229 chars]"
business-insider,Business Insider,Jacob Zinkula,A retirement boom and slowing immigration could help job seekers find work this year,A decrease in immigration and increase in retirements could help people find work this year. But these factors could create problems for the economy.,https://www.businessinsider.com/immigration-restrictions-retirement-increases-could-help-job-seekers-find-work-2025-1,https://i.insider.com/6786d4668951662c9f203157?width=1200&format=jpeg,2025-01-16T09:35:02Z,"Baby boomer retirements and the potential decrease in immigration could help some job seekers find work.Joe Raedle/Getty Images
<ul><li>An uptick in retirements and a decrease in immigration could h… [+6129 chars]"
business-insider,Business Insider,Polly Thompson,"This is how Europe can avoid a 'downward spiral' and face up to Trump and China, according to one of consulting's biggest names","Europe's economy has a competitiveness and innovation problem, and this is how to fix it, according to EY's Europe and Africa boss Julie Teigland.",https://www.businessinsider.com/how-europe-can-boost-innovation-trump-tariffs-ey-julie-teigland-2025-1,https://i.insider.com/678e4ff410c98eace91313f9?width=1200&format=jpeg,2025-01-21T09:43:14Z,"EY's EMEIA managing partner believes there are five short-term solutions for Europe's competitiveness problem.Jacek Kadaj/Getty Images
<ul><li>Europe's economy has a competitiveness and innovation p… [+6130 chars]"
business-insider,Business Insider,Sinéad Baker,"Now is 'the worst possible time' for the West to cut Ukraine support given Russia's woes, a former top US general says","""I really believe that Russia is in very bad shape, not just from their military, but also their economy,"" a former top US Army general said.",https://www.businessinsider.com/western-interest-worst-time-stop-supporting-ukraine-former-us-general-2025-1,https://i.insider.com/679b96cd7bb3f854015b26da?width=1200&format=jpeg,2025-02-01T10:35:02Z,Russian servicemen ride a T-90M Proryv tank during a combat training for assault units in an undisclosed location in a photo taken from video distributed by Russian Defense Ministry Press Service.Rus… [+6395 chars]
business-insider,Business Insider,mjankowicz@businessinsider.com (Mia Jankowicz),A European region shut down swathes of its economy after Russian gas stopped flowing from Ukraine,"Industrial production has screeched to a halt in Transnistria, a breakaway region of Europe, after Russian gas flows through Ukraine came to an end.",https://www.businessinsider.com/transnistria-shut-down-industry-economy-russia-natural-gas-ukraine-halt-2025-1,https://i.insider.com/6777d7c859d276c1cdafe42e?width=1000&format=jpeg,2025-01-03T12:36:16Z,"A breakaway region of Europe has been forced to halt almost all industrial production after Ukraine ended the transit of Russian gas through its territory.
""All industrial enterprises are idle, with… [+3021 chars]"
,BBC News,,How quickly could Rachel Reeves' new plans boost growth?,The chancellor announced a range of reforms on Wednesday - including a new runway for Heathrow airport.,https://www.bbc.com/news/articles/c4g3w48yy8yo,https://ichef.bbci.co.uk/news/1024/branded_news/dc57/live/34dcce00-de5f-11ef-acbf-c3b897b96092.jpg,2025-01-30T00:42:09Z,"Chancellor Rachel Reeves said on Wednesday that ""economic growth is the number one mission of this government"" as she unveiled a series of proposals to boost the UK's economy. 
But how quickly could… [+5907 chars]"
business-insider,Business Insider,Sinéad Baker,"Putin is repeating a Soviet-era mistake that tanked the Russian economy, Polish foreign minister says","Poland's foreign minister said Putin used to criticize the Soviet approach that helped bankrupt it, but now he's repeating the mistake.",https://www.businessinsider.com/putin-copying-soviet-union-approach-bankrupted-russia-poland-minister-davos-2025-1,https://i.insider.com/67921c8aae09223df2bb2a4a?width=1200&format=jpeg,2025-01-23T13:15:40Z,"Russian President Vladimir Putin.Contributor/ Getty Images
<ul><li>Putin is repeating a Soviet-era mistake, which is ruining Russia's economy, Poland's foreign minister said.</li><li>Speaking at Dav… [+3619 chars]"
business-insider,Business Insider,Madison Hoff,The US economy ended 2024 with cooler growth than expected in the fourth quarter,Real GDP growth in the fourth quarter of this past year was short of the expected 2.7% increase.,https://www.businessinsider.com/gdp-gross-domestic-product-fourth-quarter-2024-no-recession-economy-2025-1,https://i.insider.com/679a76b9eb4be2fff9a2c72a?width=1200&format=jpeg,2025-01-30T13:37:24Z,"The Bureau of Economic Analysis published new gross domestic product data on Thursday that indicate how the US economy has been doing.Spencer Platt/Getty Images
<ul><li>The US economy grew more slow… [+2419 chars]"
,VentureBeat,Dean Takahashi,Gamer-focused Tilted social app raises $1.3M to save TikTok’s creator economy,"TikTok might be going away soon, but Tilted hopes to launch a gamer-focused social app on iOS to help save the creator economy in the U.S.",https://venturebeat.com/games/gamer-focused-tilted-social-app-launches-to-save-the-creator-economy/,https://venturebeat.com/wp-content/uploads/2025/01/tilted-2.jpg?w=1024?w=1200&strip=all,2025-01-17T18:00:00Z,"TikTok might be going away soon in the U.S., but Tilted hopes to launch a gamer-focused social app on iOS to help save the creator economy. Tilted aims to launch its app on January 31. 
TikTok could… [+9705 chars]"
,BBC News,,"Canada 'will stand up to a bully', says Canada PM contender over Trump tariffs",The prime ministerial candidate responds to Donald Trump imposing 25% tariffs on Canada.,https://www.bbc.com/news/articles/c24760vqdz5o,https://ichef.bbci.co.uk/news/1024/branded_news/ef9f/live/8b5382a0-e031-11ef-bd1b-d536627785f2.jpg,2025-02-01T01:52:15Z,"Mark Carney, the frontrunner to be the next Canadian prime minister, has said his country is ""going to stand up to a bully"" after US President Donald Trump announced tariffs of 25% on Canada.
Speaki… [+2475 chars]"
time,Time,Simmone Shah,The Women Refusing to Participate in Trump’s Economy,Some women are thinking about the economic impact Donald Trump could have—and they're determined to be prepared.,https://time.com/7207529/women-refusing-to-participate-in-trump-economy/,https://api.time.com/wp-content/uploads/2025/01/trump-economy.jpg?quality=85&crop=0px%2C33px%2C2400px%2C1256px&resize=1200%2C628&strip,2025-01-16T18:00:19Z,"In the days after the 2024 presidential election, Ana Thompson felt hopeless. I was very scared about the outcome and what could potentially happen to our country, she says. 
Thompson, who makes Tik… [+6062 chars]"
,BBC News,,"Mark Carney, the 'unreliable boyfriend' who ran UK's central bank",Carney is now running for the Liberal Party leadership in Canada. What does his time in London tell us?,https://www.bbc.com/news/articles/c3911lv1pzko,https://ichef.bbci.co.uk/news/1024/branded_news/993c/live/d2c8d880-d468-11ef-87df-d575b9a434a4.jpg,2025-01-17T01:09:18Z,"The former Bank of England boss, Mark Carney, is now running for the Liberal leadership in his native Canada. What does his time in London tell us?
Mark Carney was the first non-British person to be… [+3262 chars]"
wired,Wired,Aarian Marshall,"Tesla May Be in a Sales Slump, but EVs Are Doing OK Overall",Purchase data shows that electric vehicle sales are growing globally. But the question remains: How fast?,https://www.wired.com/story/tesla-may-be-in-a-sales-slump-but-evs-overall-are-doing-ok/,"https://media.wired.com/photos/677827398200ac9d610e4fcf/191:100/w_1280,c_limit/Tesla-Sales-Drop-GEAR-2190848732.jpg",2025-01-04T11:00:00Z,"Just a few days into 2025, electric vehicles are already having a roller coaster ride of a year. Last week, Tesla kicked off the bumpy trip when it reported that, for the first time, the reigning cha… [+3738 chars]"
time,Time,Justin Worland,How Do You Measure the Economic Toll of the L.A. Wildfires?,Perhaps no recent climate-related event better illustrates the myriad ways that climate change will affect the U.S. economy.,https://time.com/7208079/economic-cost-la-wildfires/,https://api.time.com/wp-content/uploads/2025/01/eaton-fire-altadena-wildfire.jpg?quality=85&w=1024&h=628&crop=1,2025-01-18T14:00:00Z,"(To get this story in your inbox, subscribe to the TIME CO2 Leadership Report newsletter here.)
In my job writing about climate change, Ive had the opportunity to visit communities around the world … [+3947 chars]"
business-insider,Business Insider,Jennifer Sor,Why a Harvard economist thinks the economy is headed for a recession in the 2nd half of Trump's term,"Trump probably won't be able to recreate the economic boom that occurred in his first term as president, according to top economist Kenneth Rogoff.",https://www.businessinsider.com/economy-trump-recession-prediction-tariffs-inflation-growth-rates-outlook-harvard-2025-1,https://i.insider.com/67913806ae09223df2bb0a94?width=1200&format=jpeg,2025-01-22T18:27:35Z,"REUTERS/Eduardo Munoz
<ul><li>The economy will probably head into a recession in a few years, Kenneth Rogoff says.</li><li>The Harvard economist thinks a slowdown is coming in the second half of Tru… [+3476 chars]"
business-insider,Business Insider,Madison Hoff,"The US economy ended 2024 with a bang, adding more jobs than expected in December while unemployment ticked down",The labor market showed unexpected signs of strength in December.,https://www.businessinsider.com/december-jobs-report-unemployment-rate-employment-federal-reserve-interest-rates-2025-1,https://i.insider.com/67801aca50dfd88e193daebd?width=1200&format=jpeg,2025-01-10T13:32:06Z,"The US labor market ended 2024 on a high note, adding 256,000 jobs in December, above the forecast of 164,000.
Unemployment unexpectedly dropped from 4.2% in November to 4.1% in December. The consen… [+1975 chars]"
business-insider,Business Insider,Jamie Davis Smith,"I paid over $2,000 for a first-class flight on Alaska Airlines. Unfortunately, it wasn't much better than economy.","I spent over $2,000 on a recent round-trip flight to Hawaii on Alaska Airlines. I thought I was treating myself to first class, but it was very basic.",https://www.businessinsider.com/first-class-flight-alaska-airlines-not-worth-it-basically-economy-2025-1,https://i.insider.com/676455696c531c315b895530?width=1200&format=jpeg,2025-01-08T14:04:02Z,"Even the nicest plane I flew on during my round-trip Alaska Airlines trip wasn't worth it.Jamie Davis Smith
<ul><li>I usually fly economy, but I splurged on a first-class Alaska Airlines ticket to H… [+5236 chars]"
business-insider,Business Insider,Theron Mohamed,Harvard's Ken Rogoff expects a 'wild ride' for the economy under Trump — and warns the dollar may slump,"Harvard economist Kenneth Rogoff said rate cuts were a ""pipe dream"" and warned the soaring US national debt could fuel inflation and hit the dollar.",https://www.businessinsider.com/dollar-dominance-dedollarization-rogoff-trump-davos-economy-inflation-rates-debt-2025-1,https://i.insider.com/678f8b092fcded5e9073f307?width=1200&format=jpeg,2025-01-21T12:10:58Z,"Kenneth Rogoff, pictured in 2023, is a regular speaker at the World Economic Forum meeting.Faruk Pinjo/World Economic Forum
<ul><li>The US economy is in for a ""wild ride"" with Donald Trump back in o… [+3776 chars]"
,Yahoo Entertainment,Jordan Rosenfeld,The First Money Moves You Should Make With Any Future Stimulus Payments,"Stimulus checks are the government's way of encouraging consumer expenditures when the economy has been slow, stagnant or in a recession. While it's hard to ...",https://finance.yahoo.com/news/first-money-moves-future-stimulus-120047417.html,https://s.yimg.com/ny/api/res/1.2/3y2YDHRdkxCh3hRBOM16Wg--/YXBwaWQ9aGlnaGxhbmRlcjt3PTEyMDA7aD02NzU-/https://media.zenfs.com/en/gobankingrates_644/21139161ff6c5481184619744a0c3d46,2025-01-29T12:00:47Z,"LPETTET / Getty Images/iStockphoto
Stimulus checks are the governments way of encouraging consumer expenditures when the economy has been slow, stagnant or in a recession. While its hard to predict … [+3354 chars]"
,Blogger.com,Calculated Risk,Benchmarking the U.S. economy,,https://www.blogger.com/comment/fullpage/post/10004977/3069869267876352772,,2025-01-21T18:07:00Z,"Presidents receive too much credit and blame for the economy!

But it worth looking at the current state of the economy. From economist Ernie Tedeschi: Benchmarking the U.S. economy that President Do… [+2724 chars]"
,NPR,Greg Rosalsky,5 economic papers that lit up our brains — and what they say about our confusing world,"We at Planet Money are constantly reading the work of economists and other social scientists to glean ideas, evidence and insights about the economy, and, more generally, the confusing world around us. Welcome to the inaugural installment of the Planet Money …",https://www.npr.org/2025/01/28/g-s1-45056/economy-money-papers-explained,https://npr.brightspotcdn.com/dims3/default/strip/false/crop/550x309+0+0/resize/1400/quality/100/format/png/?url=http%3A%2F%2Fnpr-brightspot.s3.amazonaws.com%2F44%2Fc9%2F51115e8a4425ad3bfb157e9286e0%2Fscreenshot-2025-01-28-at-9-03-16-am.png,2025-01-28T14:23:57Z,"We at Planet Money are constantly reading the work of economists and other social scientists to glean ideas, evidence and insights about the economy, and, more generally, the confusing world around u… [+8112 chars]"
,Yahoo Entertainment,,"China's population falls for a third straight year, posing challenges for its government and economy",,https://consent.yahoo.com/v2/collectConsent?sessionId=1_cc-session_e24cbee2-6a1c-4d21-ac3d-6bc7d9507e1b,,2025-01-17T02:41:41Z,"If you click 'Accept all', we and our partners, including 239 who are part of the IAB Transparency &amp; Consent Framework, will also store and/or access information on a device (in other words, use … [+703 chars]"
,BBC News,,Reeves hints at support for Heathrow expansion,"Sustainable aviation and economic growth go hand in hand, the chancellor tells the BBC.",https://www.bbc.com/news/articles/cy08q9d1r2vo,https://ichef.bbci.co.uk/news/1024/branded_news/7ac9/live/5460f140-dbce-11ef-9baa-9794f8fbae61.jpg,2025-01-26T10:25:02Z,"The chancellor has hinted the government would support a third runway at Heathrow Airport, saying ""sustainable aviation and economic growth go hand in hand"".
Rachel Reeves told the BBC she would not… [+1237 chars]"
abc-news,ABC News,"Tia Yang, Meredith Conroy, Monica Potts, G. Elliott Morris",What did we learn from Trump's first week?,President Donald Trump's first week in office focused on immigration over the economy and continued to play to his base.,https://abcnews.go.com/538/learn-trumps-week/story?id=118072739,https://i.abcnewsfe.com/a/455411d3-b5d6-4f95-a277-2ca6f4e21bea/538_SLackChat_012425_v01_LY_Slackchart_16x9_1737744947103_hpMain_16x9.jpg?w=1600,2025-01-24T22:03:05Z,"Welcome to 538's politics chat. The transcript below has been lightly edited.
tia.yang (Tia Yang, senior editor): President Donald Trump's second term began on Monday, and he's already taken a recor… [+23538 chars]"
,Harvard Business Review,"Eric Belcher, Leo Feler",Research: What Explains the “Vibecession”?,An analysis of spending habits and consumer surveys sheds light on why Americans feel so bad — even though economic data looks good.,https://hbr.org/2025/01/research-what-explains-the-vibecession,https://hbr.org/resources/images/article_assets/2025/01/Jan25_30_1076662324.jpg,2025-01-30T13:05:11Z,Its been widelyreported that U.S. consumers have beenangry about the state of the U.S. economy. But why theyre so angry has been more of a puzzle. When we look at economic indicators for retail sales… [+469 chars]
,Kotaku,Ethan Gach,Path Of Exile 2 Devs Preview Update To Make The Endgame More Rewarding Ahead Of Bigger Changes In The Future,"Changes coming in Path of Exile 2's first update of 2025 have been previewed in a recent developer diary. While bigger overhauls of the early-access action-RPG’s economy, progression, and class balancing will come in the future, fans have some worthwhile teak…",https://kotaku.com/path-exile-2-patch-notes-0-1-1-towers-respawn-uniques-1851738628,"https://i.kinja-img.com/image/upload/c_fill,h_675,pg_1,q_80,w_1200/6529c9e55c3ecd9117354acb3d7528f7.png",2025-01-13T21:25:00Z,"Changes coming in Path of Exile 2's first update of 2025 have been previewed in a recent developer diary. While bigger overhauls of the early-access action-RPGs economy, progression, and class balanc… [+2154 chars]"
wired,Wired,Emilio Cozzi,This Company Wants to Build a Space Station That Has Artificial Gravity,"Founded by crypto guru Jed McCaleb, Vast Space will run two missions to the International Space Station, and aims to launch its first space station, Haven-1, by the end of 2025.",https://www.wired.com/story/this-company-wants-to-build-a-space-station-that-has-artificial-gravity/,"https://media.wired.com/photos/67868c3400800bd2ea2c8811/191:100/w_1280,c_limit/Haven_2.jpg",2025-01-22T16:58:49Z,"California-based Vast Space has big ambitions. The company is aiming to launch a commercial space station, the Haven-2, into low Earth orbit by 2028, which would allow astronauts to stay in space aft… [+3582 chars]"
business-insider,Business Insider,Jennifer Sor,Putin tells Russia 'everything will be fine' amid the nation's military and economic struggles,"Putin called 2025 the ""year of the Defender of the Motherland"" in his New Year's Eve address on Tuesday.",https://www.businessinsider.com/putin-russia-ukraine-war-military-defense-budget-economy-inflation-moscow-2025-1,https://i.insider.com/67755e76ca1058716a5ef09c?width=1200&format=jpeg,2025-01-01T16:16:24Z,"In an address in December, Putin acknowledged the country's inflation struggles.Sefa Karacan/Anadolu via Getty Images
<ul><li>Putin told Russia the nation would be fine in his New Year's address.</l… [+2792 chars]"
business-insider,Business Insider,Thibault Spirlet,Russia's elites say they are tired of waiting for the war to end: report,High-ranking sources told independent Russian outlet Meduza that Russia's elites are disappointed the Ukraine war didn't end in 2024 and feel fatigue.,https://www.businessinsider.com/russia-elites-growing-tired-waiting-ukraine-war-end-sanctions-report-2025-1,https://i.insider.com/678119f288b000981b4a53f3?width=1200&format=jpeg,2025-01-10T14:57:08Z,"High-ranking Russian officials are frustrated with President Vladimir Putin's war, sources told Meduza.SERGEI ILYIN/POOL/AFP via Getty Images
<ul><li>Russia's elites are growing frustrated with Puti… [+2764 chars]"
abc-news,ABC News,PAUL WISEMAN AP business writer,"Longshoremen reach tentative agreement with ports, shippers, averting a potential strike","U.S. longshoremen reached a contract agreement with ports and shippers Wednesday, averting a potential strike that could have damaged the American economy",https://abcnews.go.com/US/wireStory/longshoremen-reach-tentative-agreement-ports-shippers-averting-potential-117485773,https://s.abcnews.com/images/US/abc_news_default_2000x2000_update_16x9_992.jpg,2025-01-09T00:37:14Z,"U.S. longshoremen reached a contract agreement with ports and shippers Wednesday, averting a potential strike that could have damaged the American economy.
The International Longshoremen's Associati… [+1811 chars]"
business-insider,Business Insider,"Thibault Spirlet,Huileng Tan","Economists are questioning Russia's economic data, seeing a more troubled picture",Russia's latest economic data showed it had a strong 2024 and decade-high budget revenues in December. But economists say they aren't convinced.,https://www.businessinsider.com/economists-question-russia-economic-data-see-trouble-picture-ukraine-war-2025-1,https://i.insider.com/67925224ae09223df2bb2e43?width=1200&format=jpeg,2025-01-24T14:03:17Z,"Russian President Vladimir Putin has claimed that 2024 was a strong year for his country's economy.Getty Images
<ul><li>Russia's latest economic figures show it had a strong 2024.</li><li>But econom… [+5678 chars]"
,CNET,Katherine Watt,How the Fed's Pause on Rate Cuts Could Affect Mortgage Rates,Interest rate decisions affect home loan rates but it's never a one-to-one relationship.,https://www.cnet.com/personal-finance/how-the-feds-pause-on-rate-cuts-could-affect-mortgage-rates/,https://www.cnet.com/a/img/resize/57d8019bed4cdeefed270b96c1710c0bc04e8251/hub/2024/08/14/6f14422a-69a5-490b-90ce-ca287018d462/why-the-federal-reserve-affects-mortgage-rates.jpg?auto=webp&fit=crop&height=675&width=1200,2025-01-31T11:00:00Z,"If you paid attention to the Federal Reserve's monetary decisions last year, you might have been surprised by something: The central bank's three interest rate cuts didn't help mortgage rates get che… [+7917 chars]"
,New York Post,Brooke Kato,Economy passengers are scoring free booze from first class with this shameless trick: ‘Stop trying to scam’,"No first class ticket, no problem.",https://nypost.com/2025/01/17/lifestyle/economy-passengers-are-scoring-free-booze-from-first-class-with-this-shameless-trick-stop-trying-to-scam/?utm_source=yahoo&amp;utm_campaign=nypost&amp;utm_medium=referral,https://s.yimg.com/ny/api/res/1.2/pozqWJ2C0sSTnyhOpbguag--/YXBwaWQ9aGlnaGxhbmRlcjt3PTEyMDA7aD04MDA-/https://media.zenfs.com/en/ny_post_articles_869/ed48c3182c20786e87ca02e6a65293e0,2025-01-17T18:42:52Z,"Its a brazen pursuit of booze.
Travelers in economy have devised a clever trick to still score free alcohol without a ticket for a first-class seat.
According to a recent Reddit post, flyers preten… [+2334 chars]"
,BBC News,,Mark Carney runs for leader of Canada's Liberal Party,"If successful, the former Bank of England governor would become Canada's interim prime minister ahead of the next general election",https://www.bbc.com/news/articles/c3vppxe99ndo,https://ichef.bbci.co.uk/news/1024/branded_news/7b01/live/eb49f3b0-d44c-11ef-9648-d100815d1dd7.jpg,2025-01-16T20:50:38Z,"After months of speculation about his political ambitions, former Bank of Canada and Bank of England governor Mark Carney has announced he is seeking the leadership of Canada's governing Liberal Part… [+2050 chars]"
,Scientific American,The Editors,Renew Support for Renewable Energy,Renewable energy is crucial to the U.S. economy and the environment,https://www.scientificamerican.com/article/renew-support-for-renewable-energy/,https://static.scientificamerican.com/dam/m/536778605d509b0b/original/sa0225Agnd_Foru01.jpg?m=1736446744.615&w=1200,2025-01-21T14:00:00Z,"Incoming president Donald Trump and his administration have called warnings about climate change “alarmist,” and they have pledged to further expand oil and natural gas production. But there are impo… [+5734 chars]"
business-insider,Business Insider,Tom Porter,"China's trade surplus surged close to $1 trillion, days before Trump's big new tariffs are due to land",China's flooding the world with its exports ahead of Trump's aggressive new trade policies.,https://www.businessinsider.com/chinas-trade-surplus-surges-close-to-trillion-ahead-trump-tariffs-2025-1,https://i.insider.com/6784ee9188b000981b4a9681?width=1024&format=jpeg,2025-01-13T11:42:40Z,"A ship loaded with vehicles for export leaves Taicang Port in Suzhou, China, in 2024.VCG/VCG via Getty Images
<ul><li>China's trade surplus reached a record 7.06 trillion yuan ($990 billion) last ye… [+1883 chars]"
,Slashdot.org,msmash,Apple Offers iPhone Discounts in China as Competition Intensifies,"Apple is offering rare discounts of up to 500 yuan ($68.50) on its latest iPhone models in China, as the U.S. tech giant moves to defend its market share against rising competition from domestic rivals like Huawei. From a report: The four-day promotion, runni…",https://apple.slashdot.org/story/25/01/02/0950239/apple-offers-iphone-discounts-in-china-as-competition-intensifies,https://a.fsdn.com/sd/topics/china_64.png,2025-01-02T10:00:00Z,"The four-day promotion, running from Jan. 4-7, applies to several iPhone models when purchased using specific payment methods, according to its website.The flagship iPhone 16 Pro with a starting pric… [+382 chars]"
business-insider,Business Insider,Pete Syme,Southwest and Delta cash in on the Super Bowl with dozens of last-minute flights that don't come cheap,"Southwest Airlines added 31 new flights for the Super Bowl in New Orleans with most tickets costing more than $500, while Delta added seven services.",https://www.businessinsider.com/super-bowl-flights-southwest-delta-new-orleans-philadelphia-kansas-city-2025-1,https://i.insider.com/666c166ced9a404d829db848?width=1200&format=jpeg,2025-01-28T12:35:46Z,"Southwest Airlines added 31 new flights for the Super Bowl weekend.Kevin Carter/Getty Images
<ul><li>Southwest and Delta have added almost 40 flights combined for the Super Bowl in New Orleans.</li>… [+1632 chars]"
,Intellectronica.net,Eleanor Berger,Human in the Loop and the Missing Productivity Growth,It is now regularly observed that incredibly strong and rapidly improving AI capabilities do not seem to contribute to any measurable growth in productivity across the economy.,https://everything.intellectronica.net/p/human-and-tech-productivity,"https://substackcdn.com/image/fetch/w_1200,h_600,c_fill,f_jpg,q_auto:good,fl_progressive:steep,g_auto/https%3A%2F%2Fsubstack-post-media.s3.amazonaws.com%2Fpublic%2Fimages%2F7ede9b1d-fb5d-4701-9ba1-e95c0baa0c81_1668x1676.png",2025-01-01T20:34:58Z,"It is now regularly observed that incredibly strong and rapidly improving AI capabilities do not seem to contribute to any measurable growth in productivity across the economy. Previously, similar cl… [+2668 chars]"
,Yahoo Entertainment,,"Hydrogen economy development enters critical phase, says GlobalData",,https://consent.yahoo.com/v2/collectConsent?sessionId=1_cc-session_6f9225f8-cfda-4d94-96d6-550f19e0d51b,,2025-01-28T18:14:34Z,"If you click 'Accept all', we and our partners, including 239 who are part of the IAB Transparency &amp; Consent Framework, will also store and/or access information on a device (in other words, use … [+702 chars]"
,Yahoo Entertainment,,How women's dollars are driving the US economy,,https://consent.yahoo.com/v2/collectConsent?sessionId=1_cc-session_49ce3b1a-68fa-4891-aeef-a964866c2d6f,,2025-01-27T17:30:00Z,"If you click 'Accept all', we and our partners, including 239 who are part of the IAB Transparency &amp; Consent Framework, will also store and/or access information on a device (in other words, use … [+702 chars]"
,BBC News,,S Korea begins impeachment trial against suspended president,Yoon will be removed from office if at least six of the eight-member bench votes for his impeachment.,https://www.bbc.com/news/articles/cq5g2j8zy95o,https://ichef.bbci.co.uk/news/1024/branded_news/84b4/live/aa8d5660-d22f-11ef-a41b-e3f126b8b955.jpg,2025-01-14T05:18:38Z,"South Korea's constitutional court has held its first hearing to decide if suspended President Yoon Suk Yeol should be removed from office after his shock martial law attempt last month.
It ended wi… [+2433 chars]"
,Gizmodo.com,Matthew Gault,"Trump’s New Energy Policy Kills Electric Vehicle Credits, Paves Way for Old Lightbulbs and High-Flow Toilets","In sweeping executive orders, Trump clears the way for incandescent bulbs and powerful toilets while revoking Biden's old orders.",https://gizmodo.com/trumps-new-energy-policy-kills-electric-vehicle-credits-paves-way-for-old-lightbulbs-and-high-flow-toilets-2000552794,https://gizmodo.com/app/uploads/2025/01/TrumpCar.jpg,2025-01-21T16:40:27Z,"America is one of the worlds biggest energy exporters. In terms of energy production and distribution, its a super power. To hear President Trump tell it, the U.S. is weak. So weak hes declared a Nat… [+7516 chars]"
time,Time,Jeffrey Sonnenfeld and Steven Tian,Donald Trump Can Bring the End of Vladimir Putin’s Rule,"Trump has the levers to force Putin to end the Russia-Ukraine war promptly if he dispenses with the Biden Administration’s tepid, inconsistent economic pressure.",https://time.com/7208695/trump-end-putin-rule/,https://api.time.com/wp-content/uploads/2025/01/trump-putin.jpg?quality=85&w=1024&h=628&crop=1,2025-01-21T13:30:00Z,"President Donald Trump revealed on his first day that he may be closer to delivering on a campaign promise than skeptics believed. As we show in our new, original economic analysis, Trump has the lev… [+4937 chars]"
wired,Wired,Susie Alegre,Don’t Count Out Human Writers in the Age of AI,"The appetite for AI-derived drivel isn’t as strong as many publishers would have you believe, and demand for quality content is growing.",https://www.wired.com/story/dont-count-out-human-writers-in-the-age-of-ai/,"https://media.wired.com/photos/6744626d7d304ae1c3939b46/191:100/w_1280,c_limit/WW25-Culture-SA-BHBH.jpg",2025-01-08T09:00:00Z,"In 2025, human writers will reassert their worth. In recent years, the race for more and more content has been driven by technological and market imperatives such as search engine optimization, which… [+3930 chars]"
business-insider,Business Insider,John L. Dorman,Most Americans see economic difficulty ahead in 2025 but not Republicans,A newly-released Gallup poll shows Republicans are jubilant about what 2025 will bring as it pertains to economic prosperity in the US.,https://www.businessinsider.com/trump-republicans-biden-economic-turmoil-international-discord-poll-2024-12,https://i.insider.com/67746b689de00e389eb40c5c?width=1114&format=jpeg,2024-12-31T22:24:18Z,"rob dobi/Getty Images
<ul><li>Most Americans see economic difficulty as the reality for 2025, according to a new Gallup poll.</li><li>Republicans have a much rosier view of the US economy headed int… [+3097 chars]"
,Gizmodo.com,Lucas Ropek,DeepSeek Releases Open-Source AI Image Generator as American Stocks Continue to Crater,Silicon Valley's Chinese competitor has released another free AI model.,https://gizmodo.com/deepseek-releases-open-source-ai-image-generator-as-american-stocks-continue-to-crater-2000555311,https://gizmodo.com/app/uploads/2025/01/DeepSeek-iPhone-App.jpg,2025-01-27T21:40:47Z,"DeepSeek, the Chinese startup that has managed to make a mockery of Silicon Valley’s capital-bloated AI oligarchy, has done it again. On Monday morning, the company announced the release of yet anoth… [+2751 chars]"
,Gizmodo.com,AJ Dellinger,Danish Government Horrified to Learn Trump Is Serious About Wanting Greenland,"""I do think it is serious, and potentially very dangerous,” one official said.",https://gizmodo.com/danish-government-horrified-to-learn-trump-is-serious-about-wanting-greenland-2000554759,https://gizmodo.com/app/uploads/2022/12/ab66eafd6e4120cc8e8765261439fb3b.jpg,2025-01-24T22:00:50Z,"One of the challenges with Donald Trump’s tendency to say outlandish, implausible things is that it can be difficult to tell when it’s a distraction and when it’s serious. Unfortunately for Denmark, … [+2581 chars]"
,Slashdot.org,msmash,Companies Deploy AI To Curb Hiring as 'Cost Avoidance' Gains Ground,"U.S. companies are increasingly using AI to curb hiring plans, citing ""cost avoidance"" as a key metric to justify AI investments amid pressure to show returns. At software firm TS Imagine, AI-powered email sorting saves 4,000 work hours annually at 3% of empl…",https://tech.slashdot.org/story/25/01/13/1633224/companies-deploy-ai-to-curb-hiring-as-cost-avoidance-gains-ground,https://a.fsdn.com/sd/topics/ai_64.png,2025-01-13T16:50:00Z,"When all the low end fruit is gone, all within a few years, and the tech is reaching higher every month... What do we do with so much of the population removed from the economy at once?
'Retrain' is… [+634 chars]"
,Senate.gov,United States Joint Economic Committee,Mass deportations would deliver a catastrophic blow to the U.S. Economy,"The incoming Trump administration plans to conduct mass deportations that would upend entire communities and have severe economic fallout. Mass deportations would reduce economic growth, shrink the labor force, cost U.S.-born workers their jobs, raise costs f…",https://www.jec.senate.gov/public/index.cfm/democrats/2024/12/mass-deportations-would-deliver-a-catastrophic-blow-to-the-u-s-economy,https://www.jec.senate.gov/public/?a=Files.Image&Image_id=7280E91E-0F36-4F59-BB30-EA7017C2B047&ImageSize=twitter-card,2025-01-23T12:06:04Z,"Though the U.S. immigration system remains broken, immigrants are crucial to growing the labor force and supporting economic output. Immigrants have helped expand the labor supply, pay nearly $580 bi… [+11797 chars]"
,NPR,Domenico Montanaro,Key moments from Trump's inaugural address,President Donald Trump's second inaugural address gave clues about what Trump will focus on — and how he sees the country.,https://www.npr.org/2025/01/20/g-s1-43759/trump-inaugural-address-key-moments,https://npr.brightspotcdn.com/dims3/default/strip/false/crop/3959x2226+45+172/resize/1400/quality/100/format/jpeg/?url=http%3A%2F%2Fnpr-brightspot.s3.amazonaws.com%2F7a%2Fb1%2Fbcd750f14dbcb69607772141fb5a%2Fap25020622290674.jpg,2025-01-20T17:29:59Z,"For updates, context and analysis of Donald Trump's 2025 inauguration, check out NPR's live blog throughout the day Monday.
President Donald Trump's second inaugural address gave clues about what he… [+2398 chars]"
,Yahoo Entertainment,,"The Russian war economy is facing a ‘moment of truth’ as Putin’s dwindling cash reserves raise odds of a financial crash, expert says",,https://consent.yahoo.com/v2/collectConsent?sessionId=1_cc-session_21220e49-b718-406c-bd8e-516fd779a8a8,,2025-01-26T22:33:09Z,"If you click 'Accept all', we and our partners, including 239 who are part of the IAB Transparency &amp; Consent Framework, will also store and/or access information on a device (in other words, use … [+703 chars]"
business-insider,Business Insider,Jamie Heller,BI Today: Understanding retirees' regrets,"In this Sunday edition of BI Today, we're talking about older Americans' retirement regrets.",https://www.businessinsider.com/bi-today-understanding-retirees-regrets-baby-boomers-2025-1-5,https://i.insider.com/6764810b5cddac6581d71d25?width=1200&format=jpeg,2025-01-05T11:40:02Z,"Getty Images; Jenny Chang-Rodriguez/BI
<ul><li>This post originally appeared in the BI Today newsletter.</li><li>You can sign up for Business Insider's daily newsletter here.</li></ul>Hi! I'm Jamie … [+6561 chars]"
,Steveblank.com,,The Path of Our Lives,For almost half a century I’ve lived and worked in Silicon Valley. I was lucky to be present at the creation of the technologies that now drive our economy and have transformed the world &#82…,https://steveblank.com/2014/07/08/the-path-of-our-lives/,https://steveblank.com/wp-content/uploads/2014/06/your-stay-here-unpleasant.jpg,2025-01-14T16:25:45Z,For almost half a century I’ve lived and worked in Silicon Valley. I was lucky to be present at the creation of the technologies that now drive our economy and have transformed the world – for better… [+9998 chars]
,NPR,Domenico Montanaro,Trump's 2nd term represents hope for the right and fear of a dark era for others,"President-elect Donald Trump's inauguration comes at a pivotal time in American history. Insulated from controversy, Trump will enter the White House more prepared than when he first won in 2016.",https://www.npr.org/2025/01/19/nx-s1-5267074/donald-trump-inauguration-2025-analysis,https://npr.brightspotcdn.com/dims3/default/strip/false/crop/1024x576+0+54/resize/1400/quality/100/format/jpeg/?url=http%3A%2F%2Fnpr-brightspot.s3.amazonaws.com%2Fa2%2Fe7%2F44eb3232476a8668e50eb303483e%2Fgettyimages-2194071518.jpg,2025-01-19T10:00:00Z,"For the second time, Donald Trump will be inaugurated Monday as president of the United States.
It represents a pivotal time in American history, a new period beyond the world order created by the U… [+10858 chars]"
the-verge,The Verge,Lauren Feiner,Can Elon Musk really save TikTok?,"Multiple reports say Elon Musk is playing a role in trying to save TikTok through a sale of the app before the January 19th ban deadline, but China may still stand in the way.",https://www.theverge.com/2025/1/14/24343507/elon-musk-tiktok-ban-china-trump,https://cdn.vox-cdn.com/thumbor/_NJ4Xekdo697mebELHq_qtvX5k0=/0x0:2040x1360/1200x628/filters:focal(1020x680:1021x681)/cdn.vox-cdn.com/uploads/chorus_asset/file/24090218/STK171_VRG_Illo_14_Normand_ElonMusk_14.jpg,2025-01-14T23:59:16Z,"Can Elon Musk really save TikTok?
Can Elon Musk really save TikTok?
 / Musk is uniquely positioned to do a deal. But there are still plenty of reasons to be cautious.
ByLauren Feiner, a senior pol… [+4843 chars]"
,BBC News,,Best of 'frenemies': Trump's relationship with Europe this time may be very different,"Weak, distracted and unprepared? How prepared France, Germany and the rest of the continent really are for his return to power",https://www.bbc.com/news/articles/c93ll927v18o,https://ichef.bbci.co.uk/news/1024/branded_news/6473/live/35ef5c90-d4f5-11ef-9fd6-0be88a764111.jpg,2025-01-21T00:01:34Z,"""It's insane! We're heading for a general election. The country feels broken. Our economy is stagnant... But most German news outlets just seem obsessed with Trump, Trump, Trump!""
Iris Mühler, a tea… [+13596 chars]"
,Yahoo Entertainment,Issam AHMED,"US emissions stagnate in 2024, challenging climate goals: study","US greenhouse gas emissions barely decreased in 2024, leaving the world's largest economy off track to achieve its climate goals, according to an analysis...",https://www.yahoo.com/news/us-emissions-stagnate-2024-challenging-102117103.html,https://media.zenfs.com/en/afp.com/561c0643c906da517b84163bdec8c8b7,2025-01-09T10:21:17Z,"Yahoo is using AI to generate takeaways from this article. This means the info may not always match what's in the article. Reporting mistakes helps us improve the experience.Generate Key Takeaways
U… [+4063 chars]"
,BBC News,,"Canada can avoid tariffs by becoming a US state, says Trump","The president complains of a ""tremendous"" trade deficit with its neighbour, saying the US does not need Canadian energy, vehicles or lumber.",https://www.bbc.com/news/articles/c5y725r90k5o,https://ichef.bbci.co.uk/news/1024/branded_news/30ab/live/e1d6ece0-d9bd-11ef-abf7-8b2a99c77ef2.jpg,2025-01-23T19:12:36Z,"Jessica Murphy
President Donald Trump has reiterated his threat to impose tariffs on Canada, saying it can be avoided if the neighbouring nation chose to ""become a state"" of the US.
Addressing glob… [+2876 chars]"
,BBC News,,No convictions for breaching sanctions on Russia,Sanctions were introduced after the Crimea annexation in 2014 and the wider invasion of Ukraine in 2022.,https://www.bbc.com/news/articles/cdd994vl76qo,https://ichef.bbci.co.uk/news/1024/branded_news/3283/live/a0d70510-d46b-11ef-bb39-2f9033d1ecc6.jpg,2025-01-17T00:42:37Z,"The UK has not carried out a single conviction for breaches of Russian sanctions, the National Crime Agency has said.
Financial sanctions on Russia were introduced following the annexation of Crimea… [+3759 chars]"
the-next-web,The Next Web,Amanda Kavanagh,These are the skills you should consider learning in 2025,"Every two years for the last decade, the World Economic Forum has released a comprehensive, and oft cited report proffering insights into the changing nature of the jobs economy. The latest Future of Jobs Report, which covers 2025–2030, combines the viewpoint…",https://thenextweb.com/news/skills-learning-2025,https://img-cdn.tnwcdn.com/image/tnw-blurple?filter_last=1&fit=1280%2C640&url=https%3A%2F%2Fcdn0.tnwcdn.com%2Fwp-content%2Fblogs.dir%2F1%2Ffiles%2F2025%2F01%2FUntitled-design-3.jpg&signature=c067ed46c029eb1d100fbe2e1c7c70bc,2025-01-23T07:05:34Z,"Every two years for the last decade, the World Economic Forum has released a comprehensive, and oft cited report proffering insights into the changing nature of the jobs economy.
The latest Future o… [+5851 chars]"
the-next-web,The Next Web,Siôn Geschwindt,Netherlands strikes deal with Nvidia for AI supercomputing hub,"The Dutch government has reached a deal with Nvidia to supply hardware and expertise for the construction of an AI facility in the Netherlands.  The facility will centre around an AI supercomputer aimed at accelerating research and development, as the country…",https://thenextweb.com/news/netherlands-strikes-deal-with-nvidia-for-ai-supercomputing-hub,https://img-cdn.tnwcdn.com/image/tnw-blurple?filter_last=1&fit=1280%2C640&url=https%3A%2F%2Fcdn0.tnwcdn.com%2Fwp-content%2Fblogs.dir%2F1%2Ffiles%2F2025%2F01%2Fnvidia-netherlands-government-deal.webp&signature=6ce0432d46f4a54c0a0343d5f4d93f5e,2025-01-09T17:40:32Z,"The Dutch government has reached a deal with Nvidia to supply hardware and expertise for the construction of an AI facility in the Netherlands. 
The facility will centre around an AI supercomputer a… [+1837 chars]"
,BBC News,,The promise and peril of Trump's inaugural speech,Trump's inaugural speech was a mix of promises – and contradictions – that underlined some of the challenges he faces upon his return.,https://www.bbc.com/news/articles/cj02zmj59r5o,https://ichef.bbci.co.uk/news/1024/branded_news/26c0/live/03d82c30-d77c-11ef-9fd6-0be88a764111.jpg,2025-01-20T21:56:19Z,"Donald Trump, who rode back into power on a wave of voter dissatisfaction with the status quo, promised a new ""golden age"" for America in his inaugural address.
The speech was a mix of promises and … [+3204 chars]"
,BBC News,,Trump to declare national emergency at US-Mexico border in flurry of day one orders,The incoming president plans to sign as many as 100 executive orders as his administration begins.,https://www.bbc.com/news/articles/cwyjqgl2erzo,https://ichef.bbci.co.uk/news/1024/branded_news/8506/live/1a602690-d74c-11ef-94cb-5f844ceb9e30.jpg,2025-01-20T16:17:39Z,"Incoming President Donald Trump plans to declare a ""national emergency"" at the US-Mexico border as part of a broader first-day flurry of executive orders aimed at quickly reversing the Biden administ… [+3167 chars]"
,Slashdot.org,msmash,China's Installed Renewables Achieved Yet Another Record in 2024,"China broke its own record in installing renewable power in 2024, as the world's top polluter continues to push its energy transition while the US shifts away from fighting climate change. From a report: The world's second-largest economy added roughly 277 gi…",https://slashdot.org/story/25/01/21/143251/chinas-installed-renewables-achieved-yet-another-record-in-2024,https://a.fsdn.com/sd/topics/china_64.png,2025-01-21T14:03:00Z,"China is investing in renewables more than the rest of the world does in fossil fuels. Pretty much all of their curent economic growth comes from renewables, and they are carrying the worlds 2030 goa… [+291 chars]"
,BBC News,,Five takeaways from Trump's first speech,Trump vowed to return the country to its golden age and to plant the American flag on Mars.,https://www.bbc.com/news/articles/cqld620504wo,https://ichef.bbci.co.uk/news/1024/branded_news/5eaf/live/3fbed8d0-d767-11ef-8638-1df33028d567.jpg,2025-01-20T19:53:04Z,"Donald Trump has been sworn in as the 47th president of the United States, beginning his second term in the White House after a decisive comeback in November's election. 
In his 29-minute inaugurati… [+3419 chars]"
,Yahoo Entertainment,,"China readies for Lunar New Year, amid worries about the economy",,https://consent.yahoo.com/v2/collectConsent?sessionId=1_cc-session_c4f3f7ae-b8cf-4827-889f-a17ca4512e90,,2025-01-24T07:39:54Z,"If you click 'Accept all', we and our partners, including 239 who are part of the IAB Transparency &amp; Consent Framework, will also store and/or access information on a device (in other words, use … [+703 chars]"
,Yahoo Entertainment,Josh Lipton,"US economy resilient, optimism on 2025 rate cuts, GDP at 3%","The major indexes struggled to capitalize on recent gains, with tech stocks sliding. Yahoo Finance reporter Josh Schafer joins Josh Lipton on Asking for a...",https://finance.yahoo.com/video/us-economy-resilient-optimism-2025-223635123.html,https://s.yimg.com/ny/api/res/1.2/gCelBHmT8IkhbU0FKa1aYA--/YXBwaWQ9aGlnaGxhbmRlcjt3PTEyMDA7aD02NzY-/https://s.yimg.com/os/creatr-uploaded-images/2025-01/41f6e760-d45a-11ef-8f7f-a568d522d591,2025-01-16T22:36:35Z,"The major indexes struggled to capitalize on recent gains, with tech stocks sliding.
Yahoo Finance reporter Josh Schafer joins Josh Lipton on Asking for a Trend to discuss key data points, including… [+593 chars]"
,Yahoo Entertainment,,"Putin is repeating a Soviet-era mistake that tanked the Russian economy, Polish foreign minister says",,https://consent.yahoo.com/v2/collectConsent?sessionId=1_cc-session_9339f798-d5a9-47f5-9642-9b378fed5579,,2025-01-23T13:15:40Z,"If you click 'Accept all', we and our partners, including 239 who are part of the IAB Transparency &amp; Consent Framework, will also store and/or access information on a device (in other words, use … [+703 chars]"
,Yahoo Entertainment,ROB GILLIES,Trudeau says Canada will respond to US tariffs as Ontario's premier says Trump 'declared war',Canada's outgoing prime minister and the leader of the country's oil rich province of Alberta are both confident Canada can avoid the 25% tariffs President...,https://www.yahoo.com/news/trudeau-says-canada-respond-us-184417844.html,https://s.yimg.com/ny/api/res/1.2/RAxY8c1nXR7B.cX8ymDvyw--/YXBwaWQ9aGlnaGxhbmRlcjt3PTEyMDA7aD03OTk-/https://media.zenfs.com/en/ap.org/ec9fe24dfbfd0b4e29b96bdaeaa7bd92,2025-01-21T18:44:17Z,TORONTO (AP) Canada's outgoing prime minister and the leader of the country's oil rich province of Alberta are both confident Canada can avoid the 25% tariffs President Donald Trump says he will impo… [+5238 chars]
business-insider,Business Insider,Benjamin Zhang,"I drove a $42,000 Mazda CX-50. These 14 features made it one of my favorite hybrid SUVs.","I drove a 2025 Mazda CX-50 Hybrid SUV in its Premium Plus trim and was impressed by its peppy hybrid engine, athletic looks, and well designed cabin.",https://www.businessinsider.com/mazda-cx-50-hybrid-review-small-efficient-suv-top-features-2025-1,https://i.insider.com/677bf6fc9de00e389eb471ee?width=1200&format=jpeg,2025-01-08T10:00:02Z,"The 2025 Mazda CX-50 Hybrid Machine Gray Metallic.Benjamin Zhang/Business Insider
<ul><li>The Mazda CX-50 Hybrid is a compact hybrid crossover SUV that's all-new for 2025.</li><li>I recently drove o… [+5837 chars]"
business-insider,Business Insider,Taylor Rains,Breeze CEO explains the airlines' secret weapon for turning a profit while some budget airlines struggle,Breeze Airways is cashing in on premium revenue and its unique route structure while some budget competitors struggle to stay afloat.,https://www.businessinsider.com/breeze-aiways-profit-ceo-interview-secret-weapon-2025-1,https://i.insider.com/6797d69f196626c409852151?width=1200&format=jpeg,2025-01-27T22:04:45Z,"Breeze Airways is cashing in on premium revenue while budget competitors struggle to stay afloat.Gregory Rec/Portland Press Herald via Getty Images
<ul><li>Breeze Airways reported its first quarterl… [+5847 chars]"
,NPR,Jaclyn Diaz,21 states are getting minimum wage bumps in 2025,"Increases in Delaware, Illinois and Rhode Island will bring those states' minimums to $15 an hour, meaning 10 states and Washington, D.C., will now have $15 or higher minimum wage.",https://www.npr.org/2025/01/01/nx-s1-5244050/states-minimum-wage-increase-2025,https://npr.brightspotcdn.com/dims3/default/strip/false/crop/4440x2497+0+271/resize/1400/quality/100/format/jpeg/?url=http%3A%2F%2Fnpr-brightspot.s3.amazonaws.com%2F92%2Fdc%2Fcf8826484033ba37b39b36f40d78%2Fap24211586101438.jpg,2025-01-01T15:21:47Z,"Minimum-wage workers in 21 states will see a bigger paycheck come the new year. They're among the many thousands of laws changing as a new year begins.
Those wage increases will impact an estimated … [+2918 chars]"
business-insider,Business Insider,"Ayelet Sheffey,Brent D. Griffiths",Trump says he'll create an 'external revenue service' on Day One to help collect tariffs and revenue from other countries,"Trump said his new ""external revenue service"" will go into effect on January 20 to help the US collect more revenue from foreign countries.",https://www.businessinsider.com/trump-external-revenue-service-day-one-tarrifs-trade-prices-inflation-2025-1,https://i.insider.com/6786a63150dfd88e193e50c1?width=1200&format=jpeg,2025-01-14T19:02:05Z,"President-elect Donald Trump said he'll create an ""external revenue service"" on his first day in office.Rebecca Noble/Getty Images
<ul><li>President-elect Donald Trump said he will create an ""extern… [+3678 chars]"
business-insider,Business Insider,Ana Altchek,White House says mostly empty D.C. offices are a 'national embarrassment' in memo about federal RTO mandate,"A memo from the White House's Office of Personnel Management criticized ""virtually unrestricted"" telework and laid out next steps for agency heads.",https://www.businessinsider.com/white-house-opm-memo-empty-offices-federal-telework-trump-rto-2025-1,https://i.insider.com/67928f50ae09223df2bb47a3?width=1200&format=jpeg,2025-01-23T23:32:13Z,"Charles Ezell, the acting director of the Office of Personnel Management, said in a memo that empty federal offices are a ""national embarrassment.""Pool/Getty Images
<ul><li>The Office of Personnel M… [+3341 chars]"
business-insider,Business Insider,Taylor Rains,The full list of airlines that plan to offer WiFi using Elon Musk's Starlink,United plans to roll out its first Starlink-equipped plane as early as spring. It joins a handful of other airlines inking deals for Musk's WiFi.,https://www.businessinsider.com/airlines-with-starlink-wifi-on-board-full-list-united-2025-1,https://i.insider.com/677c1f1c9de00e389eb48c1c?width=1200&format=jpeg,2025-01-07T13:22:59Z,"United is among the over half a dozen airlines to ink deals for Starlink.Taylor Rains/Business Insider
<ul><li>United Airlines will roll out free Starlink WiFi on regional aircraft this spring.</li>… [+2787 chars]"
the-verge,The Verge,Justine Calma,Joe Biden’s national climate adviser sees AI as a ‘massive opportunity’,The Verge spoke with national climate adviser Ali Zaidi about what’s ahead for clean energy technologies as the Biden administration comes to a close.,https://www.theverge.com/2025/1/10/24339455/national-climate-adviser-ali-zaidi-interview-biden-trump-energy-transition,https://cdn.vox-cdn.com/thumbor/MLW5XqqNbMkemCGZNODuM6BK4F8=/0x0:2040x1360/1200x628/filters:focal(1020x680:1021x681)/cdn.vox-cdn.com/uploads/chorus_asset/file/25824420/257499_AI_climate_Q_A_CVirginia.jpg,2025-01-10T17:00:00Z,"Joe Bidens national climate adviser sees AI as a massive opportunity
Joe Bidens national climate adviser sees AI as a massive opportunity
 / National climate adviser Ali Zaidi is still optimistic a… [+11161 chars]"
,Blogger.com,Calculated Risk,Question #2 for 2025: How much will job growth slow in 2025? Or will the economy lose jobs?,,https://www.blogger.com/comment/fullpage/post/10004977/7591914065626196189,,2025-01-05T15:27:00Z,"Earlier I posted some questions on my blog for next year: Ten Economic Questions for 2025. Some of these questions concern real estate (inventory, house prices, housing starts, new home sales), and I… [+4421 chars]"
,XDA Developers,Joe Rice-Jones,10 reasons skimping on your motherboard is a false economy,It's always tempting to save money by skipping the flagship motherboards but you might be losing out on features by doing so.,https://www.xda-developers.com/why-you-should-buy-more-expensive-motherboard/,https://static1.xdaimages.com/wordpress/wp-content/uploads/wm/2024/02/asus-rog-motherboard.jpg,2025-01-26T20:00:10Z,"When you're planning a new PC build, it's all too easy to focus on the CPU and GPU and not on the most crucial part of your system. That's the motherboard, which connects every part of your system, h… [+9564 chars]"
,Yahoo Entertainment,"Jaspreet Singh, Arsheeya  Bajwa and Deborah Mary Sophia",US TikTok ban could echo India chaos as users seek options,"TikTok fans in the U.S. are racing to secure alternatives and safeguard their digital empires ahead of a looming shutdown on Sunday, evoking the chaos of...",https://ca.finance.yahoo.com/news/us-tiktok-ban-could-echo-135214555.html,https://media.zenfs.com/en/reuters.com/cd5454789ada77de1c87002c25c7d70a,2025-01-17T13:52:14Z,"By Jaspreet Singh, Arsheeya Bajwa and Deborah Mary Sophia
(Reuters) - TikTok fans in the U.S. are racing to secure alternatives and safeguard their digital empires ahead of a looming shutdown on Sun… [+3465 chars]"
,Ritholtz.com,Barry Ritholtz,MiB: Apollo’s Torsten Slok on the US Economy & Trump 2.0,"This week, we speak  with Torsten Slok, Partner and Chief Economist at Apollo Global Management. Prior to his time at Apollo, Torsten spent roughly 15 years on the sell-side with Deutsche Bank. His team there was top-ranked by Institutional Investor in fixed …",https://ritholtz.com/2025/01/mib-apollo-torstenslok/,https://ritholtz.com/wp-content/uploads/2023/02/Mib-tile.png,2025-01-31T14:00:16Z,"This week, we speak  with Torsten Slok, Partner and Chief Economist at Apollo Global Management. Prior to his time at Apollo, Torsten spent roughly 15 years on the sell-side with Deutsche Bank. His t… [+1249 chars]"
the-verge,The Verge,Andrew J. Hawkins,Trump’s war on electric cars has only just begun,"Donald Trump is targeting the auto industry’s shift to electric vehicles, but his success will depend on Congress’ willingness to axe popular incentives.",https://www.theverge.com/2025/1/22/24349650/trump-ev-tax-credit-tariff-congress,https://cdn.vox-cdn.com/thumbor/SzOZGp9QJ6MSNiUEsrp7bUdopNA=/0x0:2040x1360/1200x628/filters:focal(1020x680:1021x681)/cdn.vox-cdn.com/uploads/chorus_asset/file/25835675/STK437_ELECTRIC_VEHICLE_EVS_C.jpg,2025-01-22T18:36:42Z,"The EV tax credit is still alive and kicking but for how long? 
ByAndrew J. Hawkins, transportation editor with 10+ years of experience who covers EVs, public transportation, and aviation. His work … [+6384 chars]"
the-verge,The Verge,Nilay Patel,Trump’s first 100 days: all the news impacting the tech industry,"President Donald Trump is taking on TikTok, electric vehicle policy, and AI in his first 100 days in office. This time around, he has the backing of many tech billionaires.",https://www.theverge.com/24348851/donald-trump-presidency-tech-science-news,https://cdn.vox-cdn.com/thumbor/Nwo4_i4giY8lRM0Rtzih1IHTSLU=/0x0:2040x1360/1200x628/filters:focal(1020x680:1021x681)/cdn.vox-cdn.com/uploads/chorus_asset/file/25531809/STK175_DONALD_TRUMP_CVIRGINIA_C.jpg,2025-01-22T14:30:00Z,"Filed under:
ByLauren Feiner, a senior policy reporter at The Verge, covering the intersection of Silicon Valley and Capitol Hill. She spent 5 years covering tech policy at CNBC, writing about antit… [+7943 chars]"
,CNET,Liliana Hall,The Fed Didn't Budge on Interest Rates. Here's Why That's a Big Deal,"High borrowing costs affect your loans, credit and debt.",https://www.cnet.com/personal-finance/banking/the-fed-didnt-budge-on-interest-rates-heres-why-thats-a-big-deal/,https://www.cnet.com/a/img/resize/7d27324fd7b1f48f088fddccaa3b204dfc35493c/hub/2024/08/05/bc53700b-a2c3-4a54-900f-e5ead2ce2d0a/fed-interest-rate.jpg?auto=webp&fit=crop&height=675&width=1200,2025-01-29T19:42:32Z,"The Federal Reserve paused interest rate cuts at today's meeting. Suffice it to say, this wasn't the most interesting decision of 2025 so far.
Still, given that the Fed cut interest rates three time… [+6150 chars]"
new-scientist,New Scientist,James Dinneen,The US is leaving the Paris Agreement – what happens next?,"The world’s largest economy and second-largest emitter of greenhouse gases will withdraw from the global climate pact, disrupting efforts to tackle climate change",https://www.newscientist.com/article/2465142-the-us-is-leaving-the-paris-agreement-what-happens-next/,https://images.newscientist.com/wp-content/uploads/2025/01/21211925/SEI_236820039.jpg,2025-01-21T21:35:00Z,"Donald Trump holding an executive order announcing the US withdrawal from the Paris Agreement
JIM WATSON/AFP/Getty Images
A cheer went up from the crowd in a Washington DC stadium on 20 January as … [+3799 chars]"
,Blogger.com,Calculated Risk,Question #1 for 2025: How much will the economy grow in 2025? Will there be a recession in 2025?,,https://www.blogger.com/comment/fullpage/post/10004977/98075913713509699,,2025-01-05T17:39:00Z,"Earlier I posted some questions on my blog for next year: Ten Economic Questions for 2025. Some of these questions concern real estate (inventory, house prices, housing starts, new home sales), and I… [+3772 chars]"
num_articles=99
*query=Economy, from_date=None, to_date=None, sort_by=None
url=https://newsapi.org/v2/everything?apiKey=cf96fa53ce3c40f2835d7a955e868de1&q=Economy
